url,toc_title,title,display_title,description,summary,updated_at,ms_topic,sub_skill_type,confidence,has_expert_knowledge,classification_reason
https://learn.microsoft.com/en-us/azure/api-center/agent-to-agent-overview,Overview,Agent registry in Azure API Center - Azure API Center,,"Overview of the agent registry for discovering, registering, and managing A2A agents in API Center.","Azure API Center provides a centralized platform for discovering, registering, and managing AI agents. It supports first-party and third-party agents, integrates with API Management for private endpoints, and stores customizable metadata to improve discoverability and governance.",2025-11-18T23:12:00.000Z,overview,,0.2,False,"High-level overview of agent registry capabilities; no detailed configuration parameters, limits, error codes, or decision matrices."
https://learn.microsoft.com/en-us/azure/api-center/authorize-api-access,Authorize access to APIs,Configure API access in Azure API Center - Azure API Center,Configure API key and OAuth2 access in Azure API Center,Learn how to configure access to APIs in the Azure API Center inventory using API keys or OAuth 2.0 authorization. Users authorized for access can test APIs in the API Center portal.,You can configure settings to authorize access to APIs in yourAPI center. These settings: Note This feature is currently in preview.,2025-06-03T05:25:00.000Z,how-to,security,0.8,True,"Specifically about configuring API access using API keys and OAuth 2.0; likely includes auth settings, scopes, and possibly role/permission mappings that are product-specific security configuration."
https://learn.microsoft.com/en-us/azure/api-center/build-register-apis-vscode-extension,Build and register APIs - VS Code extension,Build and Register APIs - VS Code Extension - Azure API Center,,Learn how API developers can use the Azure API Center extension for Visual Studio Code to build and register APIs in their organization's API center.,API producer developers in your organization can build and register APIs in yourAPI centerinventory by using the Azure API Center extension for Visual Studio Code. API developers can: API consumer developers can also take advantage of features in the extension todiscover and consume APIsin the API center and ensureAPI governance.,2025-09-08T22:37:00.000Z,how-to,,0.45,False,VS Code extension usage for building and registering APIs; appears more like a workflow/tutorial than a parameter reference or limits/config catalog.
https://learn.microsoft.com/en-us/azure/api-center/customize-api-center-portal,Customize API Center portal,Customize the API Center Portal - Azure API Center,Customize settings in the Azure API Center portal,Learn about settings you can customize in your Azure API Center portal.,"This article explains settings that you can customize in the API Center portal (preview). The API Center portal is an Azure-managed website that developers and other stakeholders in your organization use to discover the APIs in yourAPI center. To set up the API Center portal for initial use and sign-in, seeSet up the API Center portal. Note The API Center portal is currently in preview.",2025-08-10T11:10:00.000Z,how-to,configuration,0.75,True,"Explicitly about customizable settings; such pages typically list configuration options, allowed values, and behavior, which are product-specific configuration knowledge."
https://learn.microsoft.com/en-us/azure/api-center/design-api-github-copilot-azure,Design and develop  APIs - GitHub Copilot for Azure,Develop APIs with GitHub Copilot for Azure - API Center plugin - Azure API Center,,"With AI assistance, API developers can use the Azure API Center plugin for GitHub Copilot for Azure to design and develop compliant APIs.","The API Center plugin forGitHub Copilot for Azureaccelerates design and development of new APIs starting from natural language prompts. With AI assistance available through the API Center plugin combined with the API Center VS Code extension, simply describe your API and quickly generate an OpenAPI spec for API development that complies with your organization's standards. After you generate a compliant spec, you can register the API with yourAPI center.",2025-09-26T08:00:00.000Z,how-to,,0.4,False,Describes using GitHub Copilot for Azure with API Center plugin; summary suggests conceptual and workflow guidance rather than detailed configuration or limits.
https://learn.microsoft.com/en-us/azure/api-center/discover-apis-vscode-extension,Discover and consume APIs - VS Code extension,Discover APIs - VS Code extension - Azure API Center,,API developers can use the Azure API Center extension for Visual Studio Code to discover APIs in their organization's API center.,"API developers in your organization can discover and consume APIs in yourAPI centerby using the Azure API Center extension for Visual Studio Code. The extension provides the following features: Discover APIs- Browse the APIs in your API center, and view their details and documentation. Consume APIs- Generate API SDK clients in their favorite language including JavaScript, TypeScript, .NET, Python, and Java, using the Microsoft Kiota engine that generates SDKs for Microsoft Graph, GitHub, and mor",2025-05-30T22:09:00.000Z,how-to,,0.45,False,Describes discovery and consumption of APIs via VS Code extension at a feature level; summary does not indicate detailed configuration tables or numeric constraints.
https://learn.microsoft.com/en-us/azure/api-center/enable-api-analysis-linting,API analysis - self-managed,Perform API linting and analysis - Azure API Center,Configure self-managed API linting in Azure API Center,Configure linting of API definitions in your API center to analyze compliance of APIs with the organization's API style guide.,"This article explains how to enable API analysis inAzure API Centerby manually setting up a linting engine and triggers. These capabilities analyze your API definitions for adherence to organizational style rules, generating both individual and summary reports. API analysis helps identify and correct common errors and inconsistencies in your API definitions. Note Azure API Center alsoautomatically configuresa default linting engine and dependencies for API analysis. If you enable self-managed an",2024-12-03T08:00:00.000Z,how-to,configuration,0.75,True,"Explains manual setup of linting engine and triggers; such content typically includes configuration parameters, trigger settings, and possibly environment variables unique to API Center’s analysis pipeline."
https://learn.microsoft.com/en-us/azure/api-center/enable-api-center-portal-vs-code-extension,Enable API Center portal view - VS Code extension,Enable API Center portal view - Azure API Center - VS Code extension - Azure API Center,Enable API Center portal view in VS Code extension,Enable enterprise developers to view the enterprise's API Center portal view including API definitions using the Visual Studio Code Extension for Azure API Center.,"This article shows how to provide enterprise developers access to the Azure API Center portal view in the Visual Studio Code extension forAzure API Center. Using the portal view, developers can discover APIs in your Azure API center, view API definitions, and optionally generate API clients when they don't have access to manage the API center itself or add APIs to the inventory. Access to the API Center portal view is managed using Microsoft Entra ID and Azure role-based access control. Tip The ",2025-05-30T22:09:00.000Z,how-to,configuration,0.7,True,"Covers enabling portal view and managing access via Entra ID and RBAC; likely includes extension settings, permissions, and configuration steps unique to this integration."
https://learn.microsoft.com/en-us/azure/api-center/enable-managed-api-analysis-linting,API analysis - Microsoft managed,Managed API linting and analysis - Azure API Center,Enable managed API linting and analysis in API Center,Automatic linting of API definitions in your API center helps you analyze compliance of APIs with the organization's API style guide.,"Your organization'sAPI centerincludes built-in, Microsoft-managed linting capabilities (preview) to analyze API definitions for adherence to organizational style rules, generating both individual and summary reports. API analysis identifies and helps you correct common errors and inconsistencies in your API definitions. With API analysis: Important If you prefer, you can enableself-managedlinting and analysis using a custom Azure function, overriding the built-in capabilities.Disable any functio",2025-04-07T22:02:00.000Z,how-to,configuration,0.65,True,"Describes Microsoft-managed linting capabilities and option to override with self-managed linting; likely includes specific configuration switches, function settings, and parameters for enabling/disabling analysis."
https://learn.microsoft.com/en-us/azure/api-center/export-to-copilot-studio,Export API from API Center to Copilot Studio,Export API from API Center as Copilot Studio connector - Azure API Center,Export Azure API Center APIs as Copilot Studio connectors,Learn how to export an API definition from your Azure API center as a custom connector in Microsoft Copilot Studio.,"You can export an API definition from your Azure API center as aconnector in Microsoft Copilot Studio(preview). Copilot Studio is a graphical, low-code tool for building agents and agent flows and is part of the Microsoft Power Platform family. In Microsoft Copilot Studio, citizen developers can use the exported connector as a custom connector toextend the capabilities of AI agents. In this article, you create a custom connector from an OpenAPI definition associated with an API in an API center.",2026-01-07T23:10:00.000Z,how-to,integrations,0.65,True,Details exporting OpenAPI definitions from API Center into Copilot Studio connectors; involves product-specific connector configuration and integration steps.
https://learn.microsoft.com/en-us/azure/api-center/frequently-asked-questions,Frequently asked questions,Frequently asked questions - Azure API Center,,Answers to frequently asked questions about Azure API Center.,Get the answers to frequently asked questions about Azure API Center.,2025-05-01T05:13:00Z,faq,,0.3,False,"FAQ-style content; summary does not indicate presence of error codes, numeric limits, or config tables; likely general Q&A."
https://learn.microsoft.com/en-us/azure/api-center/govern-apis-vscode-extension,Govern APIs - VS Code extension,Govern APIs - VS Code extension - Azure API Center,,API developers can use the Azure API Center extension for Visual Studio Code to govern their organization's APIs.,"To maximize success of your API governance efforts, it's critical to shift-left governance early into the API development cycle. This approach allows API developers to create APIs correctly from the beginning, saving them from wasted development effort and mitigating noncompliant APIs later in the development process. The Azure API Center extension for Visual Studio Code includes the following governance capabilities for API developers: API developers can also take advantage of features in the e",2025-03-27T06:08:00.000Z,how-to,,0.4,False,"Focuses on governance capabilities in VS Code extension at a feature level; summary does not indicate detailed config tables, error codes, or numeric thresholds."
https://learn.microsoft.com/en-us/azure/api-center/import-api-management-apis,Import APIs from API Management,Import APIs from Azure API Management - Azure API Center,Import Azure API Management APIs into Azure API Center,Add APIs to your Azure API center inventory from your API Management instance.,"This article shows how to import (add) APIs from an Azure API Management instance to yourAPI centerusing the Azure CLI. Adding APIs from API Management to your API inventory helps make them discoverable and accessible to developers, API program managers, and other stakeholders in your organization. This article shows two options for using the Azure CLI to add APIs to your API center from API Management: Option 1: Export an API definition from an API Management instance using theaz apim api expor",2025-09-29T08:00:00.000Z,how-to,integrations,0.7,True,Describes using az apim api export and az apic commands with specific options to integrate API Management with API Center; contains product-specific CLI parameters and flows.
https://learn.microsoft.com/en-us/azure/api-center/key-concepts,Key concepts,Azure API Center - Key concepts - Azure API Center,,"Key concepts of Azure API Center. API Center inventories an organization's APIs for discovery, reuse, and governance at scale.","This article explains key concepts ofAzure API Center. Azure API Center enables tracking APIs in a centralized location for discovery, reuse, and governance.",2024-12-19T12:13:00.000Z,conceptual,,0.2,False,"Key concepts article; conceptual definitions rather than concrete limits, configs, or troubleshooting details."
https://learn.microsoft.com/en-us/azure/api-center/manage-apis-azure-cli,Manage inventory - Azure CLI,Manage API Inventory in Azure API Center - Azure CLI - Azure API Center,Manage Azure API Center inventory using Azure CLI,"Use the Azure CLI to create and update APIs, API versions, and API definitions in your Azure API center.",This article shows how to useaz apic apicommands in the Azure CLI to add and configure APIs in yourAzure API centerinventory. Use commands in the Azure CLI to script operations to manage your API inventory and other aspects of your API center.,2025-08-28T08:00:00.000Z,how-to,integrations,0.65,True,Shows az apic api commands and parameters specific to Azure API Center; SDK/CLI parameter usage and patterns qualify as product-specific integration details.
https://learn.microsoft.com/en-us/azure/api-center/metadata,Use metadata for governance,Use Metadata to Organize and Govern APIs - Azure API Center,Define and apply metadata for Azure API Center governance,Learn about metadata in Azure API Center. Use built in and custom metadata to organize your inventory and enforce governance standards.,"This article provides background information about metadata and how to use it for API governance inAzure API Center. You define and set metadata to organize and filter APIs and otherentitiesin your API center. Metadata can bebuilt inorcustom, and you can develop a metadata schema to enforce consistency across your APIs, environments, and deployments.",2025-09-08T22:37:00.000Z,concept-article,configuration,0.7,True,"Covers built-in vs custom metadata and schemas; such pages typically list concrete metadata keys, schema definitions, and configuration options that are unique to API Center."
https://learn.microsoft.com/en-us/azure/api-center/overview,What is Azure API Center?,Azure API Center - Overview - Azure API Center,,"Introduction to key scenarios and capabilities of Azure API Center. API Center inventories an organization's APIs for discovery, reuse, and governance at scale.","Azure API Center enables you to track all of your APIs in a centralized location for discovery, reuse, and governance. Use an API center to develop and maintain a structured and organized inventory of your organization's APIs - regardless of their type, lifecycle stage, or deployment location - along with related information such as version details, API definition files, and common metadata. Tip Getting started with API Center just got easier! The Free plan is now available with no time constrai",2026-01-06T18:11:00.000Z,overview,,0.2,False,"High-level product overview without numeric limits, configuration tables, or detailed patterns; primarily conceptual and marketing-style description."
https://learn.microsoft.com/en-us/azure/api-center/register-apis-github-actions,Register APIs - GitHub Actions,Register APIs using GitHub Actions - Azure API Center,Automate Azure API Center registration with GitHub Actions,Learn how to automate the registration of APIs in your API center using a CI/CD workflow based on GitHub Actions.,This article shows how to set up a basicGitHub Actionsworkflow to register an API in your organization'sAPI centerwhen an API specification file is added to a GitHub repository. Using a GitHub Actions workflow to register APIs in your API center provides a consistent and repeatable CI/CD process for every new or updated API. The workflow can be extended to include steps such as adding metadata to the API registration. The following diagram shows how API registration in your API center can be aut,2024-12-23T08:00:00.000Z,how-to,deployment,0.6,True,Shows a CI/CD workflow YAML for registering APIs via GitHub Actions; includes product-specific deployment workflow configuration and parameters for API Center.
https://learn.microsoft.com/en-us/azure/api-center/register-discover-mcp-server,Register and discover MCP servers,Inventory and Discover MCP Servers in Your API Center - Azure API Center,Inventory and configure MCP servers in Azure API Center,Learn about how Azure API Center can be a centralized registry for MCP servers in your organization. Developers and other stakeholders can use the API Center portal to discover MCP servers.,This article describes how to use Azure API Center to maintain an inventory (orregistry) of remote model context protocol (MCP) servers and help stakeholders discover them using the API Center portal. MCP servers expose backend APIs or data sources in a standard way to AI agents and models that consume them.,2025-09-09T05:11:00.000Z,concept-article,configuration,0.6,True,"Describes using API Center as a registry for MCP servers; likely includes specific metadata fields, configuration parameters, and patterns for registering MCP servers that are product-specific."
https://learn.microsoft.com/en-us/azure/api-center/register-manage-agents,Register and manage agents,Register and Manage Agents in Azure API Center - Azure API Center,Configure and manage A2A agents in Azure API Center,"Learn how to update agent metadata, add skills, configure capabilities, and manage provider information for A2A agents.","This article shows you how to register A2A agents in API Center, and how to update and manage them after registration. You can add skills, configure capabilities, and update provider information.",2025-11-18T23:12:00.000Z,how-to,configuration,0.65,True,"How-to article on registering and managing agents, adding skills, configuring capabilities, and provider info likely includes specific field names, allowed values, and configuration structures that are product-specific."
https://learn.microsoft.com/en-us/azure/api-center/resources,Samples and labs,Azure API Center - Code Samples and Labs - Azure API Center,,"Find code samples, reference implementations, labs, and deployment templates to create, populate, and govern your Azure API center.","This article links to open-source code resources for Azure API Center solutions. Deploy reference implementations and automate tasks for API inventory, governance, discovery, and consumption in your organization.",2025-09-29T17:17:00.000Z,concept-article,,0.2,False,"Resource index linking to samples and templates; no direct expert configuration, limits, or troubleshooting content on this page itself."
https://learn.microsoft.com/en-us/azure/api-center/self-host-api-center-portal,Self-host Azure API Center portal,Self-host the API Center portal - Azure API Center,Deploy and self-host the Azure API Center portal,"How to self-host the API Center portal, a customer-managed website that enables discovery of the API inventory in your Azure API center.","This article shows how to self-host theAPI Center portal, a website that developers and other stakeholders in your organization can use to discover the APIs in yourAPI center. Deploy a reference implementation of the portal from theAPI Center portal starterrepository. Tip New! You can now set up an Azure-managed version of the API Center portal. For more information, seeSet up the API Center portal.",2026-01-14T06:10:00.000Z,how-to,deployment,0.7,True,"Shows how to deploy a reference implementation from a starter repo; likely includes deployment parameters, resource requirements, and product-specific deployment steps."
https://learn.microsoft.com/en-us/azure/api-center/set-up-api-center,Create an API center - portal,Quickstart - Create Your Azure API Center - Portal - Azure API Center,,"Learn how to use the Azure portal to set up an API center for API discovery, reuse, and governance.","Create yourAPI centerto start an inventory of your organization's APIs. Azure API Center enables tracking APIs in a centralized location for discovery, reuse, and governance. After creating your API center, follow the steps in the tutorials to add custom metadata, APIs, versions, definitions, and other information.",2025-10-13T08:00:00.000Z,quickstart,,0.3,False,"Quickstart for creating an API Center via portal; step-by-step setup, not a catalog of configuration parameters or limits."
https://learn.microsoft.com/en-us/azure/api-center/set-up-api-center-arm-template,Create an API center - ARM template,Quickstart - Create Your Azure API Center - ARM Template - Azure API Center,,"Learn how to use an Azure Resource Manager template to set up an API center for API discovery, reuse, and governance.","Create yourAPI centerto start an inventory of your organization's APIs. Azure API Center enables tracking APIs in a centralized location for discovery, reuse, and governance. After creating your API center, follow the steps in the tutorials to add custom metadata, APIs, versions, definitions, and other information. AnAzure Resource Manager templateis a JavaScript Object Notation (JSON) file that defines the infrastructure and configuration for your project. The template uses declarative syntax. ",2025-10-13T08:00:00.000Z,quickstart,,0.35,False,"ARM template quickstart; describes template conceptually and shows a basic deployment, not a full configuration reference."
https://learn.microsoft.com/en-us/azure/api-center/set-up-api-center-azure-cli,Create an API center - CLI,Quickstart - Create Your Azure API Center - Azure CLI - Azure API Center,,"Learn how to use the Azure CLI to set up an API center for API discovery, reuse, and governance.","Create yourAPI centerto start an inventory of your organization's APIs. Azure API Center enables tracking APIs in a centralized location for discovery, reuse, and governance. After creating your API center, follow the steps in the tutorials to add custom metadata, APIs, versions, definitions, and other information.",2025-10-15T08:00:00.000Z,quickstart,,0.3,False,"Quickstart using Azure CLI to create resource; focuses on basic creation flow, not detailed config matrices or limits."
https://learn.microsoft.com/en-us/azure/api-center/set-up-api-center-bicep,Create an API center - Bicep,Quickstart - Create Your Azure API Center - Bicep - Azure API Center,,"Learn how to use Bicep to set up an API center for API discovery, reuse, and governance.","Create yourAPI centerto start an inventory of your organization's APIs. Azure API Center enables tracking APIs in a centralized location for discovery, reuse, and governance. After creating your API center, follow the steps in the tutorials to add custom metadata, APIs, versions, definitions, and other information. Bicepis a domain-specific language (DSL) that uses declarative syntax to deploy Azure resources. It provides concise syntax, reliable type safety, and support for code reuse. Bicep of",2025-10-17T08:00:00.000Z,quickstart,,0.35,False,Bicep-based quickstart; likely shows one deployment example rather than exhaustive configuration options or constraints.
https://learn.microsoft.com/en-us/azure/api-center/set-up-api-center-portal,Enable API Center portal,Set Up the API Center Portal - Azure API Center,Set up the Azure API Center managed portal,"How to set up the API Center portal, a managed website that enables discovery of the API inventory in your Azure API center.","This article shows you how to set up theAPI Center portal(preview), an Azure-managed website that developers and other stakeholders in your organization use to discover the APIs in yourAPI center. Signed-in users can browse and filter APIs and view API details such as API definitions and documentation. User access to API information is based on Microsoft Entra ID and Azure role-based access control. Note The API Center portal is currently in preview. Tip Both Azure API Management and Azure API C",2025-08-10T11:10:00.000Z,how-to,configuration,0.7,True,"Describes setting up the managed portal with Entra ID and RBAC; likely includes portal configuration options, required roles, and settings that are specific to this product."
https://learn.microsoft.com/en-us/azure/api-center/set-up-api-center-vs-code-extension,Create an API center - Visual Studio Code,Quickstart - Create an Azure API Center Using the VS Code Extension - Azure API Center,,"Learn how to quickly create an Azure API Center resource using the Azure API Center extension for Visual Studio Code. Use the extension to build, register, govern, and discover your APIs.","Create yourAPI centerto start an inventory of your organization's APIs. Azure API Center enables tracking APIs in a centralized location for discovery, reuse, and governance. After creating your API center, follow the steps in the tutorials to add custom metadata, APIs, versions, definitions, and other information. In this quickstart, you create an Azure API center using theAzure API Center extension for Visual Studio Code. The extension provides a streamlined way to set up your API center and t",2025-06-26T17:09:00.000Z,quickstart,,0.3,False,"Quickstart via VS Code extension; focused on initial setup workflow, not detailed configuration or limits."
https://learn.microsoft.com/en-us/azure/api-center/set-up-notification-workflow,Workflow automation to set API status,Workflow automation after API registration - Azure API Center,Automate API registration workflows with Logic Apps and Teams,Learn how to set up a notification workflow to set API status in your organization's API center using Azure Logic Apps and Microsoft Teams.,This article shows how to set up an automated notification workflow for updating the status of an API after it's registered in your organization'sAPI center. Adapt this example to automate workflows for other types of events in your API center. Setting up a notification workflow can be useful for several reasons: In this simplified example: You can adapt this example to meet your organization's notification and governance requirements for your API center. You can also trigger a similar automated,2024-10-20T23:16:00.000Z,how-to,integrations,0.7,True,"Shows how to wire API Center events into Logic Apps and Teams; likely includes connector configuration, trigger names, and parameter mappings that are concrete integration patterns."
https://learn.microsoft.com/en-us/azure/api-center/synchronize-api-management-apis,Synchronize APIs from API Management,Synchronize APIs from Azure API Management instance - Azure API Center,Synchronize Azure API Management APIs with Azure API Center,Integrate an API Management instance to Azure API Center for automatic synchronization of APIs to the inventory.,"This article shows how to integrate an API Management instance so that the instance's APIs are continuously kept up to date in yourAPI centerinventory. Tip This article explains how to integrate an API Management instance from your API center. Alternatively, quickly set up integration directly from an API Management instance. In the left menu of your instance, underAPIs, selectAPI Center, and select a target API center in your subscription to synchronize APIs to.",2026-01-20T08:00:00.000Z,how-to,integrations,0.65,True,Covers continuous synchronization integration between API Management and API Center; likely includes specific configuration steps and parameters unique to this integration.
https://learn.microsoft.com/en-us/azure/api-center/synchronize-aws-gateway-apis,Synchronize APIs from Amazon API Gateway,Synchronize APIs from Amazon API Gateway - Azure API Center,Synchronize Amazon API Gateway APIs with Azure API Center,Integrate an Amazon API Gateway to Azure API Center for automatic synchronization of APIs to the inventory.,This article shows how to integrate an Amazon API Gateway so that the gateway's APIs are continuously kept up to date in yourAPI centerinventory.,2026-01-21T08:00:00.000Z,how-to,integrations,0.7,True,Explains integration between Amazon API Gateway and Azure API Center; contains product-specific configuration steps and parameters for cross-cloud synchronization.
https://learn.microsoft.com/en-us/azure/api-center/track-resource-dependencies,Track API dependencies,Track API Resource Dependencies - Azure API Center,,Learn how to track dependencies between APIs and related resources in your Azure API center.,"This article explains how to track the dependencies between APIs and associated resources in yourAzure API center. Use the dependency tracker (preview) to map dependencies across APIs, environments, and deployments in your catalog. Also track dependencies on external components including GitHub repositories and other resources in Azure and other cloud platforms. Each dependency identifies asourceresource and a relatedtargetresource that depends on it. By tracking dependencies between source and ",2025-09-02T11:12:00.000Z,how-to,,0.45,False,"Explains dependency tracking concept and usage; summary does not indicate detailed configuration tables, limits, or troubleshooting mappings."
https://learn.microsoft.com/en-us/azure/api-center/tutorials/add-metadata-properties,1 - Define custom metadata,Tutorial - Define Custom Metadata for API Governance - Azure API Center,,Define custom metadata in your API center. Use custom and built-in metadata to organize and govern your APIs.,"This tutorial explains how to define custom metadata to help you organize your APIs and other information in your API center. You can use custom and built-in metadata for search and filtering and to enforce governance standards in your organization. For more information about metadata in Azure API Center, see: In this tutorial, you learn how to use the Azure portal to:",2025-10-20T17:12:00.000Z,tutorial,,0.4,False,"Tutorial on defining custom metadata; appears to be procedural UI guidance without numeric limits, config tables, or product-specific best-practice quantification."
https://learn.microsoft.com/en-us/azure/api-center/tutorials/configure-environments-deployments,3 - Add environments and deployments,Tutorial - Add Environments and Deployments for APIs - Azure API Center,,Augment the API inventory in your API center by adding information about API environments and deployments.,"This tutorial explains how to augment the inventory in your API center by adding information about API environments and deployments. For more information about APIs, deployments, and other entities that you can inventory in Azure API Center, seeKey concepts. In this tutorial, you learn how to use the portal to:",2025-10-20T17:12:00.000Z,tutorial,,0.4,False,Tutorial on adding environments and deployments; procedural instructions without detailed config parameter tables or limits.
https://learn.microsoft.com/en-us/azure/api-center/tutorials/register-apis,2 - Add APIs to the inventory,Tutorial - Start Your API Inventory - Azure API Center,,Learn how to start the API inventory in your API center by registering APIs using the Azure portal.,"This tutorial explains how to start the API inventory in your organization'sAPI centerby registering APIs and assigning metadata using the Azure portal. For more information about APIs, API versions, definitions, and other entities that you can inventory in Azure API Center, seeKey concepts. In this tutorial, you learn how to use the Azure portal to:",2025-10-20T17:12:00.000Z,tutorial,,0.4,False,"Tutorial for registering APIs via portal; step-by-step inventory setup, not a configuration reference or troubleshooting guide."
